customer_id,customer_name,customer_segment
1,Aaron Bergman,Consumer
2,Aaron Hawkins,Corporate
3,Aaron Smayling,Corporate
4,Adam Bellavance,Home Office
5,Adam Hart,Corporate
6,Adam Shillingsburg,Consumer
7,Adrian Barton,Consumer
8,Adrian Hane,Home Office
9,Adrian Shami,Home Office
10,Aimee Bixby,Consumer
11,Alan Barnes,Consumer
12,Alan Dominguez,Home Office
13,Alan Haines,Corporate
14,Alan Hwang,Consumer
15,Alan Schoenberger,Corporate
16,Alan Shonely,Consumer
17,Alejandro Ballentine,Home Office
18,Alejandro Grove,Consumer
19,Alejandro Savely,Corporate
20,Aleksandra Gannaway,Corporate
21,Alex Avila,Consumer
22,Alex Grayson,Consumer
23,Alex Russell,Corporate
24,Alice McCarthy,Corporate
25,Allen Armold,Consumer
26,Allen Goldenen,Consumer
27,Allen Rosenblatt,Corporate
28,Alyssa Crouse,Corporate
29,Alyssa Tate,Home Office
30,Amy Cox,Consumer
31,Amy Hunt,Consumer
32,Andrew Allen,Consumer
33,Andrew Gjertsen,Corporate
34,Andrew Roberts,Consumer
35,Andy Gerbode,Corporate
36,Andy Reiter,Consumer
37,Andy Yotov,Corporate
38,Anemone Ratner,Consumer
39,Angele Hood,Consumer
40,Ann Blume,Corporate
41,Ann Chong,Corporate
42,Ann Steele,Home Office
43,Anna Andreadi,Consumer
44,Anna Chung,Consumer
45,Anna Gayman,Consumer
46,Anna Häberlin,Corporate
47,Anne McFarland,Consumer
48,Anne Pryor,Home Office
49,Annie Thurman,Consumer
50,Annie Zypern,Consumer
51,Anthony Garverick,Home Office
52,Anthony Jacobs,Corporate
53,Anthony Johnson,Corporate
54,Anthony O'Donnell,Corporate
55,Anthony Rawles,Corporate
56,Anthony Witt,Consumer
57,Arianne Irving,Consumer
58,Art Ferguson,Consumer
59,Art Foster,Consumer
60,Arthur Gainer,Consumer
61,Arthur Prichep,Consumer
62,Arthur Wiediger,Home Office
63,Ashley Jarboe,Consumer
64,Astrea Jones,Consumer
65,Barbara Fisher,Corporate
66,Barry Blumstein,Corporate
67,Barry Franz,Home Office
68,Barry Französisch,Corporate
69,Barry Gonzalez,Consumer
70,Barry Pond,Corporate
71,Barry Weirich,Consumer
72,Bart Folk,Consumer
73,Bart Pistole,Corporate
74,Bart Watters,Corporate
75,Becky Castell,Home Office
76,Becky Martin,Consumer
77,Becky Pak,Consumer
78,Ben Ferrer,Home Office
79,Ben Peterman,Corporate
80,Ben Wallace,Consumer
81,Benjamin Farhat,Home Office
82,Benjamin Patterson,Consumer
83,Benjamin Venier,Corporate
84,Berenike Kampe,Consumer
85,Beth Fritzler,Corporate
86,Beth Paige,Consumer
87,Beth Thompson,Home Office
88,Bill Donatelli,Consumer
89,Bill Eplett,Home Office
90,Bill Overfelt,Corporate
91,Bill Shonely,Corporate
92,Bill Stewart,Corporate
93,Bill Tyler,Corporate
94,Bobby Elias,Consumer
95,Bobby Odegard,Consumer
96,Bobby Trafton,Consumer
97,Brad Eason,Home Office
98,Brad Norvell,Corporate
99,Brad Thomas,Home Office
100,Bradley Drucker,Consumer
101,Bradley Nguyen,Consumer
102,Bradley Talbott,Home Office
103,Brenda Bowman,Corporate
104,Brendan Dodson,Home Office
105,Brendan Murry,Corporate
106,Brendan Sweed,Corporate
107,Brian Dahlen,Consumer
108,Brian DeCherney,Consumer
109,Brian Derr,Consumer
110,Brian Moss,Corporate
111,Brian Stugart,Consumer
112,Brian Thompson,Consumer
113,Brooke Gillingham,Corporate
114,Brosina Hoffman,Consumer
115,Bruce Degenhardt,Consumer
116,Bruce Geld,Consumer
117,Bruce Stewart,Consumer
118,Bryan Davis,Consumer
119,Bryan Mills,Consumer
120,Bryan Spruell,Home Office
121,Candace McMahon,Corporate
122,Cari Sayre,Corporate
123,Cari Schnelling,Consumer
124,Carl Jackson,Corporate
125,Carl Ludwig,Consumer
126,Carl Weiss,Home Office
127,Carlos Daly,Consumer
128,Carlos Meador,Consumer
129,Carlos Soltero,Consumer
130,Carol Adams,Corporate
131,Carol Darley,Consumer
132,Carol Triggs,Consumer
133,Caroline Jumper,Consumer
134,Cassandra Brandow,Consumer
135,Catherine Glotzbach,Home Office
136,Cathy Armstrong,Home Office
137,Cathy Hwang,Home Office
138,Cathy Prescott,Corporate
139,Chad Cunningham,Home Office
140,Chad McGuire,Consumer
141,Chad Sievert,Consumer
142,Charles Crestani,Consumer
143,Charles McCrossin,Consumer
144,Charles Sheldon,Corporate
145,Charlotte Melton,Consumer
146,Chloris Kastensmidt,Consumer
147,Chris Cortes,Consumer
148,Chris McAfee,Consumer
149,Chris Selesnick,Corporate
150,Christina Anderson,Consumer
151,Christina DeMoss,Consumer
152,Christina VanderZanden,Consumer
153,Christine Abelman,Corporate
154,Christine Kargatis,Home Office
155,Christine Phan,Corporate
156,Christine Sundaresam,Consumer
157,Christopher Conant,Consumer
158,Christopher Martinez,Consumer
159,Christopher Schild,Home Office
160,Christy Brittain,Consumer
161,Chuck Clark,Home Office
162,Chuck Magee,Consumer
163,Chuck Sachs,Consumer
164,Cindy Chapman,Consumer
165,Cindy Schnelling,Corporate
166,Cindy Stewart,Consumer
167,Claire Gute,Consumer
168,Claudia Bergmann,Corporate
169,Clay Cheatham,Consumer
170,Clay Ludtke,Consumer
171,Clay Rozendal,Home Office
172,Clytie Kelty,Consumer
173,Corey Catlett,Corporate
174,Corey Roper,Home Office
175,Corey-Lock,Consumer
176,Corinna Mitchell,Home Office
177,Craig Carreira,Consumer
178,Craig Carroll,Consumer
179,Craig Leslie,Home Office
180,Craig Molinari,Corporate
181,Craig Reiter,Consumer
182,Craig Yedwab,Corporate
183,Cyma Kinney,Corporate
184,Cynthia Arntzen,Consumer
185,Cynthia Delaney,Home Office
186,Cynthia Voltz,Corporate
187,Cyra Reiten,Home Office
188,Damala Kotsonis,Corporate
189,Dan Campbell,Consumer
190,Dan Lawera,Consumer
191,Dan Reichenbach,Corporate
192,Dana Kaydos,Consumer
193,Daniel Byrd,Home Office
194,Daniel Lacy,Consumer
195,Daniel Raglin,Home Office
196,Dario Medina,Corporate
197,Darren Budd,Corporate
198,Darren Koutras,Consumer
199,Darren Powers,Consumer
200,Darrin Martin,Consumer
201,Darrin Sayre,Home Office
202,Darrin Van Huff,Corporate
203,Dave Brooks,Consumer
204,Dave Hallsten,Corporate
205,Dave Kipp,Consumer
206,Dave Poirier,Corporate
207,David Bremer,Corporate
208,David Flashing,Consumer
209,David Kendrick,Corporate
210,David Philippe,Consumer
211,David Smith,Corporate
212,David Wiener,Corporate
213,Dean Braden,Consumer
214,Dean Katz,Corporate
215,Dean percer,Home Office
216,Deanra Eno,Home Office
217,Deborah Brumfield,Home Office
218,Debra Catini,Consumer
219,Deirdre Greer,Corporate
220,Delfina Latchford,Consumer
221,Denise Leinenbach,Consumer
222,Denise Monton,Corporate
223,Dennis Bolton,Home Office
224,Dennis Kane,Consumer
225,Dennis Pardue,Home Office
226,Denny Blanton,Consumer
227,Denny Joy,Corporate
228,Denny Ordway,Consumer
229,Dianna Arnett,Home Office
230,Dianna Vittorini,Consumer
231,Dianna Wilson,Home Office
232,Dionis Lloyd,Corporate
233,Don Jones,Corporate
234,Don Miller,Corporate
235,Don Weiss,Consumer
236,Dorothy Badders,Corporate
237,Dorothy Dickinson,Consumer
238,Dorothy Wardle,Corporate
239,Dorris liebe,Corporate
240,Doug Bickford,Consumer
241,Doug Jacobs,Consumer
242,Doug O'Connell,Consumer
243,Duane Benoit,Consumer
244,Duane Huffman,Home Office
245,Duane Noonan,Consumer
246,Ed Braxton,Corporate
247,Ed Jacobs,Consumer
248,Ed Ludwig,Home Office
249,Edward Becker,Corporate
250,Edward Hooks,Corporate
251,Edward Nazzal,Consumer
252,Eileen Kiefer,Home Office
253,Eleni McCrary,Corporate
254,Elizabeth Moffitt,Corporate
255,Ellis Ballard,Corporate
256,Elpida Rittenbach,Corporate
257,Emily Burns,Consumer
258,Emily Ducich,Home Office
259,Emily Grady,Consumer
260,Emily Phan,Consumer
261,Eric Barreto,Consumer
262,Eric Hoffmann,Consumer
263,Eric Murdock,Consumer
264,Erica Bern,Corporate
265,Erica Hackney,Consumer
266,Erica Hernandez,Home Office
267,Erica Smith,Consumer
268,Erin Ashbrook,Corporate
269,Erin Creighton,Consumer
270,Erin Mull,Consumer
271,Erin Smith,Corporate
272,Eudokia Martin,Corporate
273,Eugene Barchas,Consumer
274,Eugene Hildebrand,Home Office
275,Eugene Moren,Home Office
276,Eva Jacobs,Consumer
277,Evan Bailliet,Consumer
278,Evan Henry,Consumer
279,Evan Minnotte,Home Office
280,Filia McAdams,Corporate
281,Frank Atkinson,Corporate
282,Frank Carlisle,Home Office
283,Frank Gastineau,Home Office
284,Frank Hawley,Corporate
285,Frank Merwin,Home Office
286,Frank Olsen,Consumer
287,Frank Preis,Consumer
288,Fred Chung,Corporate
289,Fred Harton,Consumer
290,Fred Hopkins,Corporate
291,Fred McMath,Consumer
292,Fred Wasserman,Corporate
293,Gary Hansen,Home Office
294,Gary Hwang,Consumer
295,Gary McGarr,Consumer
296,Gary Mitchum,Home Office
297,Gary Zandusky,Consumer
298,Gene Hale,Corporate
299,Gene McClure,Consumer
300,George Ashbrook,Consumer
301,George Bell,Corporate
302,George Zrebassa,Corporate
303,Georgia Rosenberg,Corporate
304,Giulietta Baptist,Consumer
305,Giulietta Dortch,Corporate
306,Giulietta Weimer,Consumer
307,Grace Kelly,Corporate
308,Grant Thornton,Corporate
309,Greg Guthrie,Corporate
310,Greg Hansen,Consumer
311,Greg Matthias,Consumer
312,Greg Maxwell,Corporate
313,Greg Tran,Consumer
314,Guy Armstrong,Consumer
315,Guy Phonely,Corporate
316,Guy Thornton,Consumer
317,Hallie Redmond,Home Office
318,Harold Dahlen,Home Office
319,Harold Engle,Corporate
320,Harold Pawlan,Home Office
321,Harold Ryan,Corporate
322,Harry Greene,Consumer
323,Harry Marie,Corporate
324,Heather Jas,Home Office
325,Heather Kirkland,Corporate
326,Helen Abelman,Consumer
327,Helen Andreada,Consumer
328,Helen Wasserman,Corporate
329,Henia Zydlo,Consumer
330,Henry Goldwyn,Corporate
331,Henry MacAllister,Consumer
332,Herbert Flentye,Consumer
333,Hilary Holden,Corporate
334,Hunter Glantz,Consumer
335,Hunter Lopez,Consumer
336,Ionia McGrath,Consumer
337,Irene Maddox,Consumer
338,Ivan Gibson,Consumer
339,Ivan Liston,Consumer
340,Jack Garza,Consumer
341,Jack Lebron,Consumer
342,Jack O'Briant,Corporate
343,James Galang,Consumer
344,James Lanier,Home Office
345,Jamie Frazer,Consumer
346,Jamie Kunitz,Consumer
347,Jane Waco,Corporate
348,Janet Lee,Consumer
349,Janet Martin,Consumer
350,Janet Molinari,Corporate
351,Jas O'Carroll,Consumer
352,Jason Fortune-,Consumer
353,Jason Gross,Corporate
354,Jason Klamczynski,Corporate
355,Jasper Cacioppo,Consumer
356,Jay Fein,Consumer
357,Jay Kimmel,Consumer
358,Jenna Caffey,Consumer
359,Jennifer Braxton,Corporate
360,Jennifer Ferguson,Consumer
361,Jennifer Halladay,Consumer
362,Jennifer Jackson,Consumer
363,Jennifer Patt,Corporate
364,Jeremy Ellison,Consumer
365,Jeremy Farry,Consumer
366,Jeremy Lonsdale,Consumer
367,Jeremy Pistek,Consumer
368,Jessica Myrick,Consumer
369,Jesus Ocampo,Home Office
370,Jill Fjeld,Consumer
371,Jill Matthias,Consumer
372,Jill Stevenson,Corporate
373,Jim Epp,Corporate
374,Jim Karlsson,Consumer
375,Jim Kriz,Home Office
376,Jim Mitchum,Corporate
377,Jim Radford,Consumer
378,Jim Sink,Corporate
379,Jocasta Rupert,Consumer
380,Joe Elijah,Consumer
381,Joe Kamberova,Consumer
382,Joel Eaton,Consumer
383,Joel Jenkins,Home Office
384,John Castell,Consumer
385,John Dryer,Consumer
386,John Grady,Corporate
387,John Huston,Consumer
388,John Lee,Consumer
389,John Lucas,Consumer
390,John Murray,Consumer
391,John Stevenson,Consumer
392,Jonathan Doherty,Corporate
393,Jonathan Howell,Consumer
394,Joni Blumstein,Consumer
395,Joni Sundaresam,Home Office
396,Joni Wasserman,Consumer
397,Joseph Airdo,Consumer
398,Joseph Holt,Consumer
399,Joy Bell-,Consumer
400,Joy Daniels,Consumer
401,Joy Smith,Consumer
402,Julia Barnett,Home Office
403,Julia Dunbar,Consumer
404,Julia West,Consumer
405,Juliana Krohn,Consumer
406,Julie Creighton,Corporate
407,Julie Kriz,Home Office
408,Julie Prescott,Home Office
409,Justin Deggeller,Corporate
410,Justin Ellison,Corporate
411,Justin Hirsh,Consumer
412,Justin MacKendrick,Consumer
413,Justin Ritter,Corporate
414,Kalyca Meade,Corporate
415,Karen Bern,Corporate
416,Karen Carlisle,Corporate
417,Karen Daniels,Consumer
418,Karen Ferguson,Home Office
419,Karen Seio,Corporate
420,Karl Braun,Consumer
421,Katharine Harms,Corporate
422,Katherine Ducich,Consumer
423,Katherine Hughes,Consumer
424,Katherine Murray,Home Office
425,Katherine Nockton,Corporate
426,Katrina Bavinger,Home Office
427,Katrina Edelman,Corporate
428,Katrina Willman,Consumer
429,Kean Nguyen,Corporate
430,Kean Takahito,Consumer
431,Kean Thornton,Consumer
432,Keith Dawkins,Corporate
433,Keith Herrera,Consumer
434,Kelly Andreada,Consumer
435,Kelly Collister,Consumer
436,Kelly Lampkin,Corporate
437,Kelly Williams,Consumer
438,Ken Black,Corporate
439,Ken Brennan,Corporate
440,Ken Dana,Corporate
441,Ken Heidel,Corporate
442,Ken Lonsdale,Consumer
443,Khloe Miller,Consumer
444,Kimberly Carter,Corporate
445,Kristen Hastings,Corporate
446,Kristina Nunn,Home Office
447,Kunst Miller,Consumer
448,Larry Blacks,Consumer
449,Larry Hughes,Consumer
450,Larry Tron,Consumer
451,Laura Armstrong,Corporate
452,Laurel Beltran,Home Office
453,Laurel Elliston,Consumer
454,Laurel Workman,Corporate
455,Lauren Leatherbury,Consumer
456,Lela Donovan,Corporate
457,Lena Cacioppo,Consumer
458,Lena Creighton,Consumer
459,Lena Hernandez,Consumer
460,Lena Radford,Consumer
461,Linda Cazamias,Corporate
462,Linda Southworth,Corporate
463,Lindsay Castell,Home Office
464,Lindsay Shagiari,Home Office
465,Lindsay Williams,Corporate
466,Lisa DeCherney,Consumer
467,Lisa Hazard,Consumer
468,Lisa Ryan,Corporate
469,Liz Carlisle,Consumer
470,Liz MacKendrick,Consumer
471,Liz Pelletier,Consumer
472,Liz Preis,Consumer
473,Liz Thompson,Consumer
474,Liz Willingham,Consumer
475,Logan Currie,Consumer
476,Logan Haushalter,Consumer
477,Lori Olson,Corporate
478,Luke Foster,Consumer
479,Luke Schmidt,Corporate
480,Luke Weiss,Consumer
481,Lycoris Saunders,Consumer
482,Lynn Smith,Consumer
483,Magdelene Morse,Consumer
484,Marc Crier,Consumer
485,Marc Harrigan,Home Office
486,Maria Bertelson,Consumer
487,Maria Etezadi,Home Office
488,Maria Zettner,Home Office
489,Maribeth Dona,Consumer
490,Maribeth Schnelling,Consumer
491,Maribeth Yedwab,Corporate
492,Marina Lichtenstein,Corporate
493,Maris LaWare,Consumer
494,Mark Cousins,Corporate
495,Mark Haberlin,Corporate
496,Mark Hamilton,Consumer
497,Mark Packer,Home Office
498,Mark Van Huff,Consumer
499,Mary O'Rourke,Consumer
500,Mary Zewe,Corporate
501,MaryBeth Skach,Consumer
502,Mathew Reese,Home Office
503,Matt Abelman,Home Office
504,Matt Collins,Consumer
505,Matt Collister,Corporate
506,Matt Connell,Corporate
507,Matt Hagelstein,Corporate
508,Matthew Clasen,Corporate
509,Matthew Grinstein,Home Office
510,Maureen Fritzler,Corporate
511,Maureen Gastineau,Home Office
512,Maureen Gnade,Consumer
513,Maurice Satty,Consumer
514,Max Engle,Consumer
515,Max Jones,Consumer
516,Max Ludwig,Home Office
517,Maxwell Schwartz,Consumer
518,Maya Herman,Corporate
519,Meg O'Connel,Home Office
520,Meg Tillman,Consumer
521,Melanie Seite,Consumer
522,Michael Chen,Consumer
523,Michael Dominguez,Corporate
524,Michael Grace,Home Office
525,Michael Granlund,Home Office
526,Michael Kennedy,Corporate
527,Michael Moore,Consumer
528,Michael Nguyen,Consumer
529,Michael Oakman,Consumer
530,Michael Paige,Corporate
531,Michael Stewart,Corporate
532,Michelle Arnett,Home Office
533,Michelle Ellison,Corporate
534,Michelle Huthwaite,Consumer
535,Michelle Lonsdale,Corporate
536,Michelle Moray,Consumer
537,Michelle Tran,Home Office
538,Mick Brown,Consumer
539,Mick Crebagga,Consumer
540,Mick Hernandez,Home Office
541,Mike Caudle,Corporate
542,Mike Gockenbach,Consumer
543,Mike Kennedy,Consumer
544,Mike Pelletier,Home Office
545,Mike Vittorini,Consumer
546,Mitch Gastineau,Corporate
547,Mitch Webber,Consumer
548,Mitch Willingham,Corporate
549,Monica Federle,Corporate
550,Muhammed Lee,Consumer
551,Muhammed MacIntyre,Corporate
552,Muhammed Yedwab,Corporate
553,Nancy Lomonaco,Home Office
554,Naresj Patel,Consumer
555,Nat Carroll,Consumer
556,Nat Gilpin,Corporate
557,Natalie DeCherney,Consumer
558,Natalie Fritzler,Consumer
559,Natalie Webber,Consumer
560,Nathan Cano,Consumer
561,Nathan Gelder,Consumer
562,Nathan Mautz,Home Office
563,Neil Ducich,Corporate
564,Neil Französisch,Home Office
565,Neil Knudson,Home Office
566,Neola Schneider,Consumer
567,Neoma Murray,Consumer
568,Nick Crebassa,Corporate
569,Nick Radford,Consumer
570,Nick Zandusky,Home Office
571,Nicole Brennan,Corporate
572,Nicole Fjeld,Home Office
573,Nicole Hansen,Corporate
574,Noah Childs,Corporate
575,Noel Staavos,Corporate
576,Nona Balk,Corporate
577,Nora Paige,Consumer
578,Nora Pelletier,Home Office
579,Nora Preis,Consumer
580,Odella Nelson,Corporate
581,Olvera Toch,Consumer
582,Pamela Coakley,Corporate
583,Pamela Stobb,Consumer
584,Parhena Norris,Home Office
585,Patricia Hirasaki,Home Office
586,Patrick Bzostek,Home Office
587,Patrick Gardner,Consumer
588,Patrick Jones,Corporate
589,Patrick O'Brill,Consumer
590,Patrick O'Donnell,Consumer
591,Patrick Ryan,Consumer
592,Paul Gonzalez,Consumer
593,Paul Knutson,Home Office
594,Paul Lucas,Home Office
595,Paul MacIntyre,Consumer
596,Paul Prost,Home Office
597,Paul Stevenson,Home Office
598,Paul Van Hugh,Home Office
599,Pauline Chand,Home Office
600,Pauline Johnson,Consumer
601,Pauline Webber,Corporate
602,Penelope Sewall,Home Office
603,Pete Armstrong,Home Office
604,Pete Kriz,Consumer
605,Pete Takahito,Consumer
606,Peter Bühler,Consumer
607,Peter Fuller,Consumer
608,Peter McVee,Home Office
609,Philip Brown,Consumer
610,Philip Fox,Consumer
611,Philisse Overcash,Home Office
612,Phillina Ober,Home Office
613,Phillip Breyer,Corporate
614,Phillip Flathmann,Consumer
615,Pierre Wener,Consumer
616,Quincy Jones,Corporate
617,Rachel Payne,Corporate
618,Ralph Arnett,Consumer
619,Ralph Kennedy,Consumer
620,Ralph Ritter,Consumer
621,Randy Bradley,Consumer
622,Randy Ferguson,Corporate
623,Raymond Buch,Consumer
624,Raymond Messe,Consumer
625,Resi Pölking,Consumer
626,Ricardo Emerson,Consumer
627,Ricardo Sperren,Corporate
628,Richard Bierner,Consumer
629,Richard Eichhorn,Consumer
630,Rick Bensley,Home Office
631,Rick Duston,Consumer
632,Rick Hansen,Consumer
633,Rick Huthwaite,Home Office
634,Rick Reed,Corporate
635,Rick Wilson,Corporate
636,Ritsa Hightower,Consumer
637,Rob Beeghly,Consumer
638,Rob Dowd,Consumer
639,Rob Haberlin,Consumer
640,Rob Lucas,Consumer
641,Rob Williams,Corporate
642,Robert Barroso,Corporate
643,Robert Dilbeck,Home Office
644,Robert Marley,Home Office
645,Robert Waldorf,Consumer
646,Roger Barcio,Home Office
647,Roger Demir,Consumer
648,Roland Fjeld,Consumer
649,Roland Murray,Consumer
650,Roland Schwarz,Corporate
651,Rose O'Brian,Consumer
652,Ross Baird,Home Office
653,Ross DeVincentis,Home Office
654,Roy Collins,Consumer
655,Roy Französisch,Consumer
656,Roy Phan,Corporate
657,Roy Skaria,Home Office
658,Ruben Ausman,Corporate
659,Ruben Dartt,Consumer
660,Russell Applegate,Consumer
661,Russell D'Ascenzo,Consumer
662,Ryan Akin,Consumer
663,Ryan Crowe,Consumer
664,Sally Hughsby,Corporate
665,Sally Knutson,Consumer
666,Sally Matthias,Consumer
667,Sam Craven,Consumer
668,Sam Zeldin,Home Office
669,Sample Company A,Home Office
670,Sandra Flanagan,Consumer
671,Sandra Glassco,Consumer
672,Sanjit Chand,Consumer
673,Sanjit Engle,Consumer
674,Sanjit Jacobs,Home Office
675,Saphhira Shifley,Corporate
676,Sara Luxemburg,Home Office
677,Sarah Bern,Consumer
678,Sarah Brown,Consumer
679,Sarah Foster,Consumer
680,Sarah Jordon,Consumer
681,Scot Coram,Corporate
682,Scot Wooten,Consumer
683,Scott Cohen,Corporate
684,Scott Williamson,Consumer
685,Sean Braxton,Corporate
686,Sean Christensen,Consumer
687,Sean Miller,Home Office
688,Sean O'Donnell,Consumer
689,Sean Wendt,Home Office
690,Seth Vernon,Consumer
691,Shahid Collister,Consumer
692,Shahid Hopkins,Consumer
693,Shahid Shariari,Consumer
694,Sharelle Roach,Home Office
695,Shaun Chance,Corporate
696,Shaun Weien,Consumer
697,Sheri Gordon,Consumer
698,Shirley Daniels,Home Office
699,Shirley Jackson,Consumer
700,Shirley Schmidt,Home Office
701,Shui Tom,Consumer
702,Sibella Parks,Corporate
703,Skye Norling,Home Office
704,Sonia Cooley,Consumer
705,Sonia Sunley,Consumer
706,Speros Goranitis,Consumer
707,Stefania Perrino,Corporate
708,Stefanie Holloman,Corporate
709,Stephanie Phelps,Corporate
710,Stephanie Ulpright,Home Office
711,Steve Carroll,Home Office
712,Steve Chapman,Corporate
713,Steve Nguyen,Home Office
714,Steven Cartwright,Consumer
715,Steven Roelle,Home Office
716,Steven Ward,Corporate
717,Stewart Carmichael,Corporate
718,Stewart Visinsky,Consumer
719,Stuart Calhoun,Consumer
720,Stuart Van,Corporate
721,Sue Ann Reed,Consumer
722,Sung Chung,Consumer
723,Sung Pak,Corporate
724,Sung Shariari,Consumer
725,Susan Gilcrest,Corporate
726,Susan MacKendrick,Consumer
727,Susan Pistek,Consumer
728,Susan Vittorini,Consumer
729,Suzanne McNair,Corporate
730,Sylvia Foulston,Corporate
731,Tamara Chand,Corporate
732,Tamara Dahlen,Consumer
733,Tamara Manning,Consumer
734,Tamara Willingham,Home Office
735,Tanja Norvell,Home Office
736,Ted Butterfield,Consumer
737,Ted Trevino,Consumer
738,Thais Sissman,Consumer
739,Thea Hendricks,Consumer
740,Thea Hudgings,Corporate
741,Theone Pippenger,Consumer
742,Theresa Coyne,Corporate
743,Theresa Swint,Corporate
744,Thomas Boland,Corporate
745,Thomas Brumley,Home Office
746,Thomas Seio,Corporate
747,Thomas Thornton,Consumer
748,Tiffany House,Corporate
749,Tim Brockman,Consumer
750,Tim Taslimi,Corporate
751,Toby Braunhardt,Consumer
752,Toby Carlisle,Consumer
753,Toby Gnade,Consumer
754,Toby Ritter,Consumer
755,Toby Swindell,Consumer
756,Todd Boyes,Corporate
757,Todd Sumrall,Corporate
758,Tom Ashbrook,Home Office
759,Tom Boeckenhauer,Consumer
760,Tom Prescott,Consumer
761,Tom Stivers,Corporate
762,Tonja Turnell,Home Office
763,Tony Chapman,Home Office
764,Tony Molinari,Consumer
765,Tony Sayre,Consumer
766,Tracy Blumstein,Consumer
767,Tracy Collins,Home Office
768,Tracy Hopkins,Home Office
769,Tracy Poddar,Corporate
770,Tracy Zic,Consumer
771,Troy Blackwell,Consumer
772,Troy Staebel,Consumer
773,Trudy Brown,Consumer
774,Trudy Glocke,Consumer
775,Trudy Schmidt,Consumer
776,Valerie Dominguez,Consumer
777,Valerie Mitchum,Home Office
778,Valerie Takahito,Home Office
779,Vicky Freymann,Home Office
780,Victor Preis,Home Office
781,Victoria Brennan,Corporate
782,Victoria Pisteka,Corporate
783,Victoria Wilson,Corporate
784,Vivek Gonzalez,Consumer
785,Vivek Grady,Corporate
786,Vivek Sundaresam,Consumer
787,Vivian Mathis,Consumer
788,William Brown,Consumer
789,Xylona Preis,Consumer
790,Yana Sorensen,Corporate
791,Yoseph Carroll,Corporate
792,Zuschuss Carroll,Consumer
793,Zuschuss Donatelli,Consumer
794,Zack Gibbens,Consumer
795,Loren Bowen,Corporate
